{"schemaVersion":"1.0","appDefinitionTemplate":{"id":"/providers/Microsoft.PowerApps/apps/","type":"Microsoft.PowerApps/apps","tags":{"primaryDeviceWidth":"1366","primaryDeviceHeight":"768","supportsPortrait":"true","supportsLandscape":"true","primaryFormFactor":"Tablet","showStatusBar":"false","publisherVersion":"3.25064.3","minimumRequiredApiVersion":"2.2.0","hasComponent":"false","hasUnlockedComponent":"false","isUnifiedRootApp":"false","sienaVersion":"20250708T100200Z-3.25064.3.0"},"properties":{"appVersion":"2025-07-08T10:02:00Z","lifeCycleId":"Published","createdByClientVersion":{"major":3,"minor":25064,"build":3,"revision":0,"majorRevision":0,"minorRevision":0},"minClientVersion":{"major":3,"minor":25064,"build":3,"revision":0,"majorRevision":0,"minorRevision":0},"backgroundColor":"RGBA(0,176,240,1)","backgroundImageUri":"/8888887897800378173/N7a93cee4-dee0-4e9a-a2cd-31a04ebd31da-logoSmallFile","displayName":"1 of 10 - PowerAppsGame","description":"","commitMessage":"","appUris":{"documentUri":{"value":"/8888887897800378173/N7124430b-595d-4ee8-bd3e-f470d159fc00-document.msapp"},"imageUris":[],"additionalUris":[{"isSolutionAware":false,"value":"/8888887897800378173/N3b46ab47-a633-4d7c-bcce-471b9b1feae5-identity.json"}]},"createdTime":"0001-01-01T00:00:00Z","lastModifiedTime":"0001-01-01T00:00:00Z","sharedGroupsCount":0,"sharedUsersCount":0,"connectionReferences":{},"databaseReferences":{},"almMode":"Environment","performanceOptimizationEnabled":true,"canConsumeAppPass":true,"enableModernRuntimeMode":false,"executionRestrictions":{"isTeamsOnly":false,"dataLossPreventionEvaluationResult":{"status":"Compliant","lastEvaluationDate":"2025-06-11T07:39:44.8482944Z","violations":[],"violationsByPolicy":[],"violationErrorMessage":"The app uses the following connectors: ."}}},"isAppComponentLibrary":false,"appType":"ClassicCanvasApp","appComponents":[]}}