<ImportExportXml xmlns:xsi="http://www.w3.org/2001/XMLSchema-instance" OrganizationVersion="9.2.25022.196" OrganizationSchemaType="Standard" CRMServerServiceabilityVersion="9.2.25022.00196">
  <Entities></Entities>
  <Roles></Roles>
  <Workflows></Workflows>
  <FieldSecurityProfiles></FieldSecurityProfiles>
  <Templates />
  <EntityMaps />
  <EntityRelationships />
  <OrganizationSettings />
  <optionsets />
  <CustomControls />
  <EntityDataProviders />
  <Connectors>
    <Connector>
      <connectorid>0671dc4f-639d-4138-a65e-a19f880ad85f</connectorid>
      <description>Regex Solution for Power Automate</description>
      <displayname>RegexSolution</displayname>
      <iconbrandcolor>#007ee5</iconbrandcolor>
      <name>rt_regexsolution</name>
      <connectortype>1</connectortype>
      <scriptoperations>["RegularExpression"]</scriptoperations>
      <openapidefinition>/Connector/rt_regexsolution_openapidefinition.json</openapidefinition>
      <connectionparameters>/Connector/rt_regexsolution_connectionparameters.json</connectionparameters>
      <policytemplateinstances>/Connector/rt_regexsolution_policytemplateinstances.json</policytemplateinstances>
      <customcodeblobcontent>/Connector/rt_regexsolution_customcodeblobcontent.csx</customcodeblobcontent>
      <iconblob>/Connector/rt_regexsolution_iconblob.Png</iconblob>
    </Connector>
  </Connectors>
  <Languages>
    <Language>1031</Language>
    <Language>1033</Language>
  </Languages>
</ImportExportXml>