{"swagger":"2.0","info":{"title":"RegexSolution","description":"Regex Solution for Power Automate","version":"1.0"},"host":"google.com","basePath":"/","schemes":["https"],"consumes":["application/json"],"produces":["application/json"],"paths":{"/RegularExpression":{"post":{"summary":"Regular Expression Matching","description":"This action takes an input string and a regular expression pattern, and returns all matches found in the input string.\n","operationId":"RegularExpression","parameters":[{"name":"body","in":"body","required":true,"schema":{"type":"object","properties":{"input":{"type":"string","description":"The string to search for matches.","title":"Input String"},"pattern":{"type":"string","description":"The regular expression pattern to use for matching.","title":"Regular Expression Pattern"}},"required":["input","pattern"]}}],"responses":{"200":{"description":"Successful match results.","schema":{"type":"object","properties":{"input":{"type":"string","description":"The input string provided."},"pattern":{"type":"string","description":"The regular expression pattern used."},"matches":{"type":"array","items":{"type":"string"},"description":"An array of matched strings."}}}}}}}},"securityDefinitions":{}}